{"cameraMode":{"drawMode":0,"name":"Shaded","section":"Shading Mode"},"sceneLighting":true,"audioPlay":false,"sceneViewState":{"showFog":true,"showMaterialUpdate":false,"showSkybox":true,"showFlares":true,"showImageEffects":true,"showParticleSystems":true},"in2DMode":false,"pivot":{"x":8.67420482635498,"y":3.337782859802246,"z":-3.7178916931152345},"rotation":{"x":0.25507742166519167,"y":-0.02262173406779766,"z":0.005969346035271883,"w":0.9666374921798706},"size":10.117741584777832,"orthographic":false}